R2,MAE,MSE
-22.046650739440317,1.571266099074111,2.5802281622771464
